{
  "model_id": "Mistral",
  "model_path": "/root/autodl-tmp/Mistral",
  "timestamp": "2025-09-09T17:17:47.806887",
  "params": {
    "NUM_DATASET_SAMPLES": 1000,
    "NUM_REPETITIONS": 5,
    "BASE_SEED": 42,
    "MAX_INPUT_LENGTH": 512,
    "MAX_NEW_TOKENS": 1,
    "DO_SAMPLE": false
  },
  "num_layers": 33,
  "display_last_n_layers": 10,
  "mean_counts_per_layer": [
    0.0,
    0.0,
    0.0,
    0.0,
    0.0,
    0.0,
    0.0,
    0.0,
    0.0,
    0.0,
    0.0,
    0.0,
    0.0,
    0.0,
    0.0,
    0.0,
    0.0,
    0.0,
    0.0,
    0.0,
    0.0,
    0.0,
    0.0,
    0.0,
    0.0,
    0.6,
    36.2,
    489.8,
    453.6,
    13.8,
    5.0,
    0.4,
    0.6
  ],
  "std_err_counts_per_layer": [
    0.0,
    0.0,
    0.0,
    0.0,
    0.0,
    0.0,
    0.0,
    0.0,
    0.0,
    0.0,
    0.0,
    0.0,
    0.0,
    0.0,
    0.0,
    0.0,
    0.0,
    0.0,
    0.0,
    0.0,
    0.0,
    0.0,
    0.0,
    0.0,
    0.0,
    0.21908902300206645,
    1.3084341787036902,
    4.9428736581061825,
    4.583448483401989,
    1.3971399357258383,
    1.5999999999999999,
    0.21908902300206645,
    0.3577708763999663
  ],
  "never_top1_counts_per_run": [
    0,
    0,
    0,
    0,
    0
  ],
  "mean_never_top1": 0.0,
  "stddev_never_top1": 0.0,
  "stderr_never_top1": 0.0
}